timestamp,temperature,humidity
22/05/2022 16:32:07,30.0,32.0
22/05/2022 16:32:27,30.0,34.0
22/05/2022 16:37:27,30.0,32.0
22/05/2022 16:42:28,29.0,32.0
22/05/2022 16:46:53,30.0,31.0
22/05/2022 16:47:16,30.0,32.0
22/05/2022 16:47:22,30.0,32.0
22/05/2022 16:47:27,30.0,31.0
22/05/2022 16:47:33,30.0,31.0
22/05/2022 16:47:38,30.0,31.0
22/05/2022 16:51:28,30.0,32.0
22/05/2022 16:51:34,30.0,32.0
22/05/2022 16:51:39,30.0,32.0
22/05/2022 16:51:45,30.0,32.0
22/05/2022 16:51:50,30.0,32.0
22/05/2022 17:03:13,30.0,34.0
22/05/2022 17:08:14,30.0,35.0
22/05/2022 17:13:14,30.0,34.0
22/05/2022 17:18:15,30.0,34.0
22/05/2022 17:23:15,30.0,31.0
22/05/2022 17:28:16,30.0,32.0
22/05/2022 17:33:16,30.0,33.0
22/05/2022 17:35:03,30.0,30.0
22/05/2022 17:35:14,30.0,32.0
22/05/2022 17:35:24,31.0,95.0
22/05/2022 17:35:35,32.0,95.0
22/05/2022 17:35:47,31.0,68.0
22/05/2022 17:35:57,31.0,61.0
22/05/2022 17:36:08,30.0,39.0
22/05/2022 17:36:21,30.0,32.0
22/05/2022 17:36:31,30.0,32.0
22/05/2022 17:36:42,29.0,32.0
22/05/2022 17:36:52,29.0,32.0
22/05/2022 17:37:03,29.0,32.0
22/05/2022 17:37:13,29.0,33.0
22/05/2022 17:37:24,29.0,34.0
22/05/2022 17:37:34,29.0,37.0
22/05/2022 17:37:49,29.0,33.0
22/05/2022 17:38:00,29.0,32.0
22/05/2022 17:38:10,29.0,32.0
22/05/2022 17:38:21,29.0,32.0
22/05/2022 17:38:32,29.0,32.0
22/05/2022 17:38:51,29.0,33.0
22/05/2022 17:39:02,29.0,34.0
22/05/2022 17:39:13,29.0,32.0
22/05/2022 17:39:23,29.0,32.0
22/05/2022 17:39:34,29.0,32.0
22/05/2022 17:39:44,29.0,32.0
22/05/2022 17:39:55,29.0,32.0
22/05/2022 17:40:05,29.0,31.0
22/05/2022 17:40:16,29.0,31.0
22/05/2022 17:40:26,29.0,31.0
22/05/2022 17:40:37,29.0,32.0
22/05/2022 17:40:47,29.0,32.0
22/05/2022 17:40:58,29.0,32.0
22/05/2022 17:41:10,29.0,31.0
22/05/2022 17:41:21,29.0,32.0
22/05/2022 17:41:31,29.0,32.0
22/05/2022 17:41:42,29.0,31.0
22/05/2022 17:41:52,29.0,31.0
22/05/2022 17:42:03,29.0,32.0
22/05/2022 17:42:13,29.0,31.0
22/05/2022 17:42:24,29.0,31.0
22/05/2022 17:42:34,29.0,31.0
22/05/2022 17:42:45,29.0,31.0
22/05/2022 17:42:55,29.0,31.0
22/05/2022 17:43:06,29.0,31.0
22/05/2022 17:43:16,29.0,31.0
22/05/2022 17:43:27,29.0,31.0
22/05/2022 17:43:37,29.0,30.0
22/05/2022 17:43:48,29.0,30.0
22/05/2022 17:43:58,29.0,31.0
22/05/2022 17:44:09,29.0,31.0
22/05/2022 17:44:20,29.0,31.0
22/05/2022 17:44:31,29.0,31.0
22/05/2022 17:44:41,29.0,31.0
22/05/2022 17:44:52,29.0,31.0
22/05/2022 17:45:02,29.0,31.0
22/05/2022 17:45:13,29.0,31.0
22/05/2022 17:45:23,29.0,31.0
22/05/2022 17:45:34,29.0,30.0
22/05/2022 17:45:44,29.0,31.0
22/05/2022 17:45:55,29.0,31.0
22/05/2022 17:46:05,29.0,31.0
22/05/2022 17:46:16,29.0,30.0
22/05/2022 17:46:26,29.0,31.0
22/05/2022 17:46:37,29.0,31.0
22/05/2022 17:46:47,29.0,31.0
22/05/2022 17:46:58,29.0,31.0
22/05/2022 17:47:09,29.0,31.0
22/05/2022 17:47:19,29.0,31.0
22/05/2022 17:47:30,29.0,31.0
22/05/2022 17:47:42,29.0,31.0
22/05/2022 17:47:52,29.0,31.0
22/05/2022 17:48:03,29.0,31.0
22/05/2022 17:48:13,29.0,31.0
22/05/2022 17:48:24,29.0,31.0
22/05/2022 17:48:34,29.0,31.0
22/05/2022 17:48:45,29.0,31.0
22/05/2022 17:48:55,29.0,30.0
22/05/2022 17:49:07,29.0,30.0
22/05/2022 17:49:18,29.0,30.0
22/05/2022 17:49:29,29.0,30.0
22/05/2022 17:49:39,29.0,30.0
22/05/2022 17:49:50,29.0,30.0
22/05/2022 17:50:00,28.0,29.0
22/05/2022 17:50:11,29.0,29.0
22/05/2022 17:50:23,29.0,30.0
22/05/2022 17:50:33,29.0,30.0
22/05/2022 17:50:44,29.0,30.0
22/05/2022 17:50:54,29.0,30.0
22/05/2022 17:51:06,29.0,31.0
22/05/2022 17:51:17,29.0,31.0
22/05/2022 17:51:27,29.0,30.0
22/05/2022 17:51:38,29.0,30.0
22/05/2022 17:51:49,29.0,30.0
22/05/2022 17:51:59,29.0,30.0
22/05/2022 17:52:10,29.0,30.0
22/05/2022 17:52:20,29.0,30.0
22/05/2022 17:52:31,29.0,31.0
22/05/2022 17:52:42,29.0,31.0
22/05/2022 17:52:52,29.0,31.0
22/05/2022 17:53:03,29.0,31.0
22/05/2022 17:53:13,29.0,31.0
22/05/2022 17:53:24,29.0,30.0
22/05/2022 17:53:34,29.0,30.0
22/05/2022 17:53:45,29.0,30.0
22/05/2022 17:53:55,29.0,30.0
22/05/2022 17:54:06,29.0,30.0
22/05/2022 17:54:18,29.0,30.0
22/05/2022 17:54:29,29.0,30.0
22/05/2022 17:54:39,29.0,30.0
22/05/2022 17:54:50,29.0,30.0
22/05/2022 17:55:02,29.0,30.0
22/05/2022 17:55:14,29.0,30.0
22/05/2022 17:55:24,29.0,31.0
22/05/2022 17:55:36,29.0,30.0
22/05/2022 17:55:47,29.0,30.0
22/05/2022 17:55:58,29.0,30.0
22/05/2022 17:56:08,29.0,30.0
22/05/2022 17:56:19,29.0,30.0
22/05/2022 17:56:29,29.0,30.0
22/05/2022 17:56:40,29.0,30.0
22/05/2022 17:56:52,29.0,30.0
22/05/2022 17:57:02,29.0,30.0
22/05/2022 17:57:13,29.0,30.0
22/05/2022 17:57:23,29.0,30.0
22/05/2022 17:57:34,29.0,31.0
22/05/2022 17:57:44,29.0,30.0
22/05/2022 17:57:55,29.0,31.0
22/05/2022 17:58:05,29.0,30.0
22/05/2022 17:58:16,29.0,31.0
22/05/2022 17:58:26,29.0,30.0
22/05/2022 17:58:37,29.0,30.0
22/05/2022 17:58:48,29.0,30.0
22/05/2022 17:58:58,29.0,30.0
22/05/2022 17:59:09,29.0,30.0
22/05/2022 17:59:19,29.0,30.0
22/05/2022 17:59:30,29.0,30.0
22/05/2022 17:59:40,29.0,30.0
22/05/2022 17:59:51,29.0,30.0
22/05/2022 18:00:01,29.0,30.0
22/05/2022 18:00:12,29.0,30.0
22/05/2022 18:00:23,29.0,26.0
22/05/2022 18:00:33,29.0,30.0
22/05/2022 18:00:44,29.0,30.0
22/05/2022 18:00:54,29.0,30.0
22/05/2022 18:01:06,29.0,30.0
22/05/2022 18:01:17,29.0,31.0
22/05/2022 18:01:28,29.0,30.0
22/05/2022 18:01:38,29.0,31.0
22/05/2022 18:01:49,29.0,30.0
22/05/2022 18:01:59,29.0,30.0
22/05/2022 18:02:10,29.0,31.0
22/05/2022 18:02:20,29.0,31.0
22/05/2022 18:02:31,29.0,30.0
22/05/2022 18:02:41,29.0,30.0
22/05/2022 18:02:52,29.0,31.0
22/05/2022 18:03:02,29.0,30.0
22/05/2022 18:03:13,29.0,30.0
22/05/2022 18:03:23,29.0,30.0
22/05/2022 18:03:34,29.0,30.0
22/05/2022 18:03:44,29.0,30.0
22/05/2022 18:03:55,29.0,30.0
22/05/2022 18:04:05,29.0,30.0
22/05/2022 18:04:16,29.0,30.0
22/05/2022 18:04:27,29.0,31.0
22/05/2022 18:04:37,29.0,31.0
22/05/2022 18:04:48,29.0,30.0
22/05/2022 18:04:58,29.0,30.0
22/05/2022 18:05:09,29.0,30.0
22/05/2022 18:05:20,29.0,31.0
22/05/2022 18:05:30,29.0,31.0
22/05/2022 18:05:41,29.0,31.0
22/05/2022 18:05:51,29.0,31.0
22/05/2022 18:06:02,29.0,31.0
22/05/2022 18:06:12,29.0,30.0
22/05/2022 18:06:23,29.0,31.0
22/05/2022 18:06:33,29.0,30.0
22/05/2022 18:06:44,29.0,30.0
22/05/2022 18:06:54,29.0,30.0
22/05/2022 18:07:05,29.0,31.0
22/05/2022 18:07:17,29.0,30.0
22/05/2022 18:07:28,29.0,31.0
22/05/2022 18:07:38,29.0,32.0
22/05/2022 18:07:49,29.0,32.0
22/05/2022 18:07:59,29.0,31.0
22/05/2022 18:08:10,29.0,33.0
22/05/2022 18:08:22,29.0,36.0
22/05/2022 18:08:32,29.0,38.0
22/05/2022 18:08:43,29.0,38.0
22/05/2022 18:08:53,29.0,35.0
22/05/2022 18:09:04,29.0,36.0
22/05/2022 18:09:15,29.0,33.0
22/05/2022 18:09:25,29.0,32.0
22/05/2022 18:09:36,29.0,32.0
22/05/2022 18:09:47,29.0,31.0
22/05/2022 18:09:57,29.0,32.0
22/05/2022 18:10:08,29.0,32.0
22/05/2022 18:10:18,29.0,32.0
22/05/2022 18:10:29,29.0,32.0
22/05/2022 18:10:39,29.0,32.0
22/05/2022 18:10:50,29.0,32.0
22/05/2022 18:11:00,29.0,32.0
22/05/2022 18:11:11,29.0,32.0
22/05/2022 18:11:21,29.0,32.0
22/05/2022 18:11:32,29.0,32.0
22/05/2022 18:11:42,29.0,32.0
22/05/2022 18:11:53,29.0,32.0
22/05/2022 18:12:03,29.0,32.0
22/05/2022 18:12:14,29.0,32.0
22/05/2022 18:12:24,29.0,32.0
22/05/2022 18:12:35,29.0,32.0
22/05/2022 18:12:47,29.0,32.0
22/05/2022 18:12:58,29.0,32.0
22/05/2022 18:13:08,29.0,32.0
22/05/2022 18:13:19,29.0,32.0
22/05/2022 18:13:29,29.0,32.0
22/05/2022 18:13:40,29.0,32.0
22/05/2022 18:13:50,29.0,32.0
22/05/2022 18:14:01,29.0,32.0
22/05/2022 18:14:12,29.0,32.0
22/05/2022 18:14:22,29.0,32.0
22/05/2022 18:14:33,29.0,32.0
22/05/2022 18:14:43,29.0,32.0
22/05/2022 18:14:54,29.0,32.0
22/05/2022 18:15:04,29.0,32.0
22/05/2022 18:15:17,29.0,31.0
22/05/2022 18:15:27,29.0,32.0
22/05/2022 18:15:38,29.0,32.0
22/05/2022 18:19:53,28.0,37.0
22/05/2022 18:20:04,28.0,38.0
22/05/2022 18:20:14,28.0,35.0
22/05/2022 18:20:25,28.0,34.0
22/05/2022 18:20:35,29.0,35.0
22/05/2022 18:20:46,28.0,34.0
22/05/2022 18:20:56,28.0,34.0
22/05/2022 18:21:07,28.0,35.0
22/05/2022 18:21:17,28.0,35.0
22/05/2022 18:21:28,29.0,36.0
22/05/2022 18:21:38,29.0,36.0
22/05/2022 18:21:49,28.0,35.0
22/05/2022 18:22:00,29.0,35.0
22/05/2022 18:22:10,29.0,35.0
22/05/2022 18:22:21,29.0,35.0
22/05/2022 18:22:31,29.0,35.0
22/05/2022 18:22:42,29.0,35.0
22/05/2022 18:22:52,29.0,35.0
22/05/2022 18:23:03,29.0,35.0
22/05/2022 18:23:13,29.0,35.0
22/05/2022 18:23:24,29.0,36.0
22/05/2022 18:23:34,29.0,36.0
22/05/2022 18:23:45,29.0,35.0
22/05/2022 18:23:56,29.0,35.0
22/05/2022 18:26:50,29.0,95.0
22/05/2022 18:27:01,29.0,95.0
22/05/2022 18:27:11,29.0,55.0
22/05/2022 18:27:22,29.0,40.0
22/05/2022 18:27:32,29.0,38.0
22/05/2022 18:27:43,29.0,37.0
22/05/2022 18:27:53,29.0,36.0
22/05/2022 18:28:04,29.0,35.0
22/05/2022 18:28:14,29.0,36.0
22/05/2022 18:28:25,29.0,36.0
22/05/2022 18:28:35,29.0,37.0
22/05/2022 18:28:46,29.0,37.0
22/05/2022 18:28:56,29.0,37.0
22/05/2022 18:29:07,29.0,36.0
22/05/2022 18:29:17,29.0,37.0
22/05/2022 18:29:28,29.0,37.0
22/05/2022 18:29:39,29.0,37.0
22/05/2022 18:29:49,29.0,37.0
22/05/2022 18:30:00,29.0,36.0
22/05/2022 18:30:10,29.0,36.0
22/05/2022 18:30:21,29.0,35.0
22/05/2022 18:30:31,29.0,35.0
22/05/2022 18:30:42,29.0,36.0
22/05/2022 18:30:52,29.0,36.0
22/05/2022 18:31:03,29.0,36.0
22/05/2022 18:31:13,29.0,36.0
22/05/2022 18:31:24,29.0,37.0
22/05/2022 18:31:34,29.0,38.0
22/05/2022 18:31:45,29.0,37.0
22/05/2022 18:31:55,29.0,38.0
22/05/2022 18:32:06,29.0,37.0
22/05/2022 18:32:16,29.0,36.0
22/05/2022 18:32:29,29.0,36.0
22/05/2022 18:32:40,29.0,36.0
22/05/2022 18:32:50,29.0,36.0
22/05/2022 18:33:01,29.0,35.0
22/05/2022 18:33:11,29.0,35.0
22/05/2022 18:33:22,29.0,35.0
22/05/2022 18:33:32,29.0,35.0
22/05/2022 18:33:43,29.0,34.0
22/05/2022 18:33:53,29.0,34.0
22/05/2022 18:34:04,29.0,34.0
22/05/2022 18:34:14,29.0,34.0
22/05/2022 18:34:25,29.0,34.0
22/05/2022 18:34:35,28.0,33.0
22/05/2022 18:34:46,29.0,34.0
22/05/2022 18:34:56,29.0,34.0
22/05/2022 18:35:07,29.0,34.0
22/05/2022 18:35:18,29.0,34.0
22/05/2022 18:35:30,29.0,33.0
22/05/2022 18:35:40,29.0,33.0
22/05/2022 18:35:51,29.0,34.0
22/05/2022 18:36:01,29.0,33.0
22/05/2022 18:36:13,29.0,34.0
22/05/2022 18:36:24,29.0,34.0
22/05/2022 18:36:34,29.0,34.0
22/05/2022 18:36:45,29.0,34.0
22/05/2022 18:36:55,29.0,33.0
22/05/2022 18:37:06,29.0,33.0
22/05/2022 18:37:16,29.0,34.0
22/05/2022 18:37:29,29.0,34.0
22/05/2022 18:37:39,29.0,34.0
22/05/2022 18:37:50,29.0,34.0
22/05/2022 18:38:00,29.0,33.0
22/05/2022 18:38:11,29.0,33.0
22/05/2022 18:38:21,29.0,33.0
22/05/2022 18:38:32,29.0,33.0
22/05/2022 18:38:42,29.0,33.0
22/05/2022 18:38:53,29.0,33.0
22/05/2022 18:39:03,29.0,33.0
22/05/2022 18:39:14,29.0,33.0
22/05/2022 18:39:24,29.0,33.0
22/05/2022 18:39:35,29.0,33.0
22/05/2022 18:39:45,29.0,33.0
22/05/2022 18:39:56,29.0,33.0
22/05/2022 18:40:06,29.0,33.0
22/05/2022 18:40:17,29.0,33.0
22/05/2022 18:40:28,29.0,33.0
22/05/2022 18:40:40,29.0,33.0
22/05/2022 18:40:50,29.0,33.0
22/05/2022 18:41:01,29.0,33.0
22/05/2022 18:41:13,29.0,32.0
22/05/2022 18:41:23,29.0,33.0
22/05/2022 18:41:34,29.0,32.0
22/05/2022 18:41:44,29.0,33.0
22/05/2022 18:41:57,29.0,32.0
22/05/2022 18:42:07,29.0,33.0
22/05/2022 18:42:18,29.0,32.0
22/05/2022 18:42:28,29.0,33.0
22/05/2022 18:42:39,29.0,33.0
22/05/2022 18:42:49,29.0,33.0
22/05/2022 18:43:00,29.0,33.0
22/05/2022 18:43:10,29.0,33.0
22/05/2022 18:43:21,29.0,33.0
22/05/2022 18:43:31,29.0,32.0
22/05/2022 18:43:42,29.0,32.0
22/05/2022 18:43:52,29.0,33.0
22/05/2022 18:44:03,29.0,32.0
22/05/2022 18:44:13,29.0,33.0
22/05/2022 18:44:24,29.0,33.0
22/05/2022 18:44:35,29.0,33.0
22/05/2022 18:44:45,29.0,32.0
22/05/2022 18:44:56,29.0,33.0
22/05/2022 18:45:07,29.0,33.0
22/05/2022 18:45:17,29.0,32.0
22/05/2022 18:45:28,29.0,32.0
22/05/2022 18:45:38,29.0,32.0
22/05/2022 18:45:49,29.0,32.0
22/05/2022 18:45:59,29.0,33.0
22/05/2022 18:46:10,29.0,33.0
22/05/2022 18:46:20,29.0,32.0
22/05/2022 18:46:31,29.0,32.0
22/05/2022 18:46:41,29.0,32.0
22/05/2022 18:46:52,29.0,32.0
22/05/2022 18:47:02,29.0,32.0
22/05/2022 18:47:13,29.0,32.0
22/05/2022 18:47:23,29.0,32.0
22/05/2022 18:47:34,29.0,32.0
22/05/2022 18:47:44,29.0,32.0
22/05/2022 18:47:55,29.0,32.0
22/05/2022 18:48:05,29.0,32.0
22/05/2022 18:48:16,29.0,32.0
22/05/2022 18:48:27,29.0,32.0
22/05/2022 18:48:37,29.0,32.0
22/05/2022 18:48:48,29.0,33.0
22/05/2022 18:48:58,29.0,32.0
22/05/2022 18:49:09,29.0,32.0
22/05/2022 18:49:19,29.0,32.0
22/05/2022 18:49:30,29.0,32.0
22/05/2022 18:49:40,29.0,32.0
22/05/2022 18:49:51,29.0,32.0
22/05/2022 18:50:01,29.0,32.0
22/05/2022 18:50:12,29.0,32.0
22/05/2022 18:50:23,29.0,32.0
22/05/2022 18:50:33,29.0,32.0
22/05/2022 18:50:44,29.0,32.0
22/05/2022 18:50:54,29.0,32.0
22/05/2022 18:51:05,29.0,32.0
22/05/2022 18:51:16,29.0,32.0
22/05/2022 18:51:26,29.0,32.0
22/05/2022 18:51:37,29.0,32.0
22/05/2022 18:51:47,29.0,32.0
22/05/2022 18:51:58,29.0,32.0
22/05/2022 18:52:08,29.0,32.0
22/05/2022 18:52:19,29.0,32.0
22/05/2022 18:52:29,29.0,32.0
22/05/2022 18:52:40,29.0,32.0
22/05/2022 18:52:50,29.0,32.0
22/05/2022 18:53:01,29.0,32.0
22/05/2022 18:53:11,29.0,32.0
22/05/2022 18:53:22,29.0,32.0
22/05/2022 18:53:32,29.0,32.0
22/05/2022 18:53:43,29.0,32.0
22/05/2022 18:53:53,29.0,32.0
22/05/2022 18:54:04,29.0,32.0
22/05/2022 18:54:14,29.0,32.0
22/05/2022 18:54:25,28.0,31.0
22/05/2022 18:54:36,29.0,32.0
22/05/2022 18:54:46,29.0,32.0
22/05/2022 18:54:57,29.0,31.0
22/05/2022 18:55:07,29.0,32.0
22/05/2022 18:55:18,29.0,32.0
22/05/2022 18:55:28,29.0,32.0
22/05/2022 18:55:39,29.0,32.0
22/05/2022 18:55:49,29.0,32.0
22/05/2022 18:56:00,29.0,32.0
22/05/2022 18:56:12,29.0,32.0
22/05/2022 18:56:24,29.0,32.0
22/05/2022 18:56:34,29.0,31.0
22/05/2022 18:56:45,29.0,32.0
22/05/2022 18:56:56,29.0,32.0
22/05/2022 18:57:06,29.0,32.0
22/05/2022 18:57:17,29.0,32.0
22/05/2022 18:57:27,29.0,32.0
22/05/2022 18:57:38,29.0,32.0
22/05/2022 18:57:48,29.0,32.0
22/05/2022 18:57:59,29.0,32.0
22/05/2022 18:58:11,29.0,32.0
22/05/2022 18:58:21,29.0,32.0
22/05/2022 18:58:32,29.0,32.0
22/05/2022 18:58:42,29.0,32.0
22/05/2022 18:58:53,29.0,32.0
22/05/2022 18:59:03,29.0,32.0
22/05/2022 18:59:14,29.0,32.0
22/05/2022 18:59:25,29.0,32.0
22/05/2022 18:59:35,29.0,32.0
22/05/2022 18:59:46,29.0,32.0
22/05/2022 18:59:57,29.0,32.0
22/05/2022 19:00:07,29.0,32.0
22/05/2022 19:00:18,29.0,32.0
22/05/2022 19:00:28,29.0,32.0
22/05/2022 19:00:39,29.0,32.0
22/05/2022 19:00:49,29.0,32.0
22/05/2022 19:01:00,28.0,31.0
22/05/2022 19:01:10,29.0,32.0
22/05/2022 19:01:21,29.0,32.0
22/05/2022 19:01:31,28.0,31.0
22/05/2022 19:01:42,29.0,32.0
22/05/2022 19:01:52,29.0,32.0
22/05/2022 19:02:03,29.0,32.0
22/05/2022 19:02:13,29.0,32.0
22/05/2022 19:02:24,29.0,32.0
22/05/2022 19:02:35,29.0,32.0
22/05/2022 19:02:45,29.0,32.0
22/05/2022 19:02:56,29.0,32.0
22/05/2022 19:03:06,29.0,32.0
22/05/2022 19:03:17,29.0,32.0
22/05/2022 19:03:27,28.0,31.0
22/05/2022 19:03:38,29.0,32.0
22/05/2022 19:03:48,29.0,32.0
22/05/2022 19:03:59,29.0,32.0
22/05/2022 19:04:09,29.0,32.0
22/05/2022 19:04:20,29.0,32.0
22/05/2022 19:04:30,29.0,32.0
22/05/2022 19:04:41,28.0,30.0
22/05/2022 19:04:51,29.0,31.0
22/05/2022 19:05:02,29.0,31.0
22/05/2022 19:05:14,28.0,30.0
22/05/2022 19:05:25,29.0,31.0
22/05/2022 19:05:35,28.0,30.0
22/05/2022 19:05:46,28.0,30.0
22/05/2022 19:05:56,28.0,30.0
22/05/2022 19:06:07,28.0,30.0
22/05/2022 19:06:17,28.0,30.0
22/05/2022 19:06:28,28.0,30.0
22/05/2022 19:06:38,28.0,30.0
22/05/2022 19:06:49,28.0,30.0
22/05/2022 19:06:59,28.0,30.0
22/05/2022 19:07:10,28.0,30.0
22/05/2022 19:07:20,28.0,30.0
22/05/2022 19:07:31,28.0,30.0
22/05/2022 19:07:41,28.0,30.0
22/05/2022 19:07:52,28.0,30.0
22/05/2022 19:08:02,28.0,30.0
22/05/2022 19:08:13,28.0,30.0
22/05/2022 19:08:25,28.0,30.0
22/05/2022 19:08:36,28.0,30.0
22/05/2022 19:08:46,28.0,30.0
22/05/2022 19:08:57,28.0,30.0
22/05/2022 19:09:07,28.0,30.0
22/05/2022 19:09:18,29.0,31.0
22/05/2022 19:09:28,28.0,30.0
22/05/2022 19:09:39,28.0,30.0
22/05/2022 19:09:49,28.0,30.0
22/05/2022 19:10:00,28.0,30.0
22/05/2022 19:10:11,28.0,30.0
22/05/2022 19:10:21,28.0,30.0
22/05/2022 19:10:32,28.0,30.0
22/05/2022 19:10:42,28.0,30.0
22/05/2022 19:10:53,28.0,30.0
22/05/2022 19:11:04,28.0,30.0
22/05/2022 19:11:14,28.0,30.0
22/05/2022 19:11:25,28.0,30.0
22/05/2022 19:11:35,28.0,30.0
22/05/2022 19:11:46,28.0,30.0
22/05/2022 19:11:56,28.0,30.0
22/05/2022 19:12:07,28.0,30.0
22/05/2022 19:12:17,28.0,30.0
22/05/2022 19:12:28,28.0,30.0
22/05/2022 19:12:38,28.0,30.0
22/05/2022 19:12:49,28.0,30.0
22/05/2022 19:12:59,28.0,30.0
22/05/2022 19:13:10,28.0,30.0
22/05/2022 19:13:20,28.0,30.0
22/05/2022 19:13:31,28.0,30.0
22/05/2022 19:13:41,28.0,30.0
22/05/2022 19:13:52,28.0,30.0
22/05/2022 19:14:03,28.0,30.0
22/05/2022 19:14:13,28.0,30.0
22/05/2022 19:14:24,28.0,30.0
22/05/2022 19:14:34,28.0,30.0
22/05/2022 19:14:45,28.0,29.0
22/05/2022 19:14:55,28.0,30.0
22/05/2022 19:15:06,28.0,30.0
22/05/2022 19:15:16,28.0,30.0
22/05/2022 19:15:27,28.0,30.0
22/05/2022 19:15:37,28.0,29.0
22/05/2022 19:15:48,28.0,30.0
22/05/2022 19:15:59,28.0,30.0
22/05/2022 19:16:09,28.0,30.0
22/05/2022 19:16:20,28.0,30.0
22/05/2022 19:16:30,28.0,30.0
22/05/2022 19:16:41,28.0,30.0
22/05/2022 19:16:51,28.0,30.0
22/05/2022 19:17:04,28.0,30.0
22/05/2022 19:17:14,28.0,30.0
22/05/2022 19:17:25,28.0,30.0
22/05/2022 19:17:35,28.0,30.0
22/05/2022 19:17:46,28.0,30.0
22/05/2022 19:17:56,28.0,30.0
22/05/2022 19:18:07,28.0,30.0
22/05/2022 19:18:17,28.0,30.0
22/05/2022 19:18:28,28.0,30.0
22/05/2022 19:18:38,28.0,30.0
22/05/2022 19:18:49,28.0,30.0
22/05/2022 19:18:59,28.0,30.0
22/05/2022 19:19:10,28.0,30.0
22/05/2022 19:19:20,28.0,29.0
22/05/2022 19:19:31,28.0,29.0
22/05/2022 19:19:41,28.0,30.0
22/05/2022 19:19:52,28.0,29.0
22/05/2022 19:20:03,28.0,29.0
22/05/2022 19:20:13,28.0,29.0
22/05/2022 19:20:24,28.0,30.0
22/05/2022 19:20:34,28.0,30.0
22/05/2022 19:20:45,28.0,30.0
22/05/2022 19:20:56,28.0,30.0
22/05/2022 19:21:08,28.0,30.0
22/05/2022 19:21:18,28.0,30.0
22/05/2022 19:21:30,28.0,30.0
22/05/2022 19:21:41,28.0,30.0
22/05/2022 19:21:51,28.0,30.0
22/05/2022 19:22:02,28.0,30.0
22/05/2022 19:22:13,28.0,30.0
22/05/2022 19:22:23,28.0,30.0
22/05/2022 19:22:34,28.0,30.0
22/05/2022 19:22:44,28.0,30.0
22/05/2022 19:22:55,28.0,30.0
22/05/2022 19:23:05,28.0,30.0
22/05/2022 19:23:16,28.0,30.0
22/05/2022 19:23:28,28.0,29.0
22/05/2022 19:23:40,28.0,29.0
22/05/2022 19:23:50,28.0,30.0
22/05/2022 19:24:01,28.0,30.0
22/05/2022 19:24:12,28.0,30.0
22/05/2022 19:24:22,28.0,30.0
22/05/2022 19:24:33,28.0,30.0
22/05/2022 19:24:43,28.0,30.0
22/05/2022 19:24:54,28.0,30.0
22/05/2022 19:25:04,28.0,30.0
22/05/2022 19:25:15,28.0,30.0
22/05/2022 19:25:25,28.0,30.0
22/05/2022 19:25:37,28.0,29.0
22/05/2022 19:25:48,28.0,30.0
22/05/2022 19:25:58,28.0,29.0
22/05/2022 19:26:09,28.0,29.0
22/05/2022 19:26:19,28.0,30.0
22/05/2022 19:26:30,28.0,30.0
22/05/2022 19:26:40,28.0,30.0
22/05/2022 19:26:51,28.0,30.0
22/05/2022 19:27:02,28.0,30.0
22/05/2022 19:27:12,28.0,30.0
22/05/2022 19:27:23,28.0,30.0
22/05/2022 19:27:33,28.0,30.0
22/05/2022 19:27:44,28.0,30.0
22/05/2022 19:27:54,28.0,30.0
22/05/2022 19:28:05,28.0,30.0
22/05/2022 19:28:15,28.0,30.0
22/05/2022 19:28:26,28.0,30.0
22/05/2022 19:28:37,28.0,30.0
22/05/2022 19:28:47,28.0,30.0
22/05/2022 19:28:58,28.0,30.0
22/05/2022 19:29:08,28.0,30.0
22/05/2022 19:29:19,28.0,30.0
22/05/2022 19:29:29,28.0,30.0
22/05/2022 19:29:40,28.0,30.0
22/05/2022 19:29:50,28.0,30.0
22/05/2022 19:30:01,28.0,30.0
22/05/2022 19:30:12,28.0,30.0
22/05/2022 19:30:22,28.0,30.0
22/05/2022 19:30:33,28.0,30.0
22/05/2022 19:30:43,28.0,30.0
22/05/2022 19:30:54,28.0,30.0
22/05/2022 19:31:04,28.0,30.0
22/05/2022 19:31:15,28.0,30.0
22/05/2022 19:31:25,28.0,30.0
22/05/2022 19:31:36,28.0,30.0
22/05/2022 19:31:46,28.0,30.0
22/05/2022 19:31:57,28.0,30.0
22/05/2022 19:32:07,28.0,30.0
22/05/2022 19:32:18,28.0,30.0
22/05/2022 19:32:28,28.0,30.0
22/05/2022 19:32:39,28.0,30.0
22/05/2022 19:32:49,28.0,30.0
22/05/2022 19:33:00,28.0,30.0
22/05/2022 19:33:11,28.0,30.0
22/05/2022 19:33:21,28.0,29.0
22/05/2022 19:33:32,28.0,29.0
22/05/2022 19:33:42,28.0,29.0
22/05/2022 19:33:53,28.0,30.0
22/05/2022 19:34:03,28.0,30.0
22/05/2022 19:34:14,28.0,30.0
22/05/2022 19:34:25,28.0,29.0
22/05/2022 19:34:35,28.0,29.0
22/05/2022 19:34:46,28.0,29.0
22/05/2022 19:34:56,28.0,30.0
22/05/2022 19:35:07,28.0,30.0
22/05/2022 19:35:17,28.0,30.0
22/05/2022 19:35:28,28.0,31.0
22/05/2022 19:35:38,28.0,31.0
22/05/2022 19:35:49,28.0,30.0
22/05/2022 19:35:59,28.0,30.0
22/05/2022 19:36:10,28.0,30.0
22/05/2022 19:36:21,28.0,30.0
22/05/2022 19:36:31,28.0,34.0
22/05/2022 19:36:42,28.0,32.0
22/05/2022 19:36:52,28.0,31.0
22/05/2022 19:37:03,28.0,32.0
22/05/2022 19:37:13,28.0,33.0
22/05/2022 19:37:24,28.0,31.0
22/05/2022 19:37:34,28.0,30.0
22/05/2022 19:37:45,28.0,29.0
22/05/2022 19:37:55,28.0,29.0
22/05/2022 19:38:06,28.0,29.0
22/05/2022 19:38:16,28.0,29.0
22/05/2022 19:38:27,28.0,29.0
22/05/2022 19:38:37,28.0,29.0
22/05/2022 19:38:48,28.0,29.0
22/05/2022 19:38:58,28.0,29.0
22/05/2022 19:39:09,28.0,30.0
22/05/2022 19:39:20,28.0,30.0
22/05/2022 19:39:32,28.0,29.0
22/05/2022 19:39:43,28.0,29.0
22/05/2022 19:39:53,28.0,30.0
22/05/2022 19:40:04,28.0,29.0
22/05/2022 19:40:14,28.0,30.0
22/05/2022 19:40:25,28.0,29.0
22/05/2022 19:40:35,28.0,29.0
22/05/2022 19:40:46,28.0,30.0
22/05/2022 19:40:56,28.0,30.0
22/05/2022 19:41:08,28.0,30.0
22/05/2022 19:41:19,28.0,30.0
22/05/2022 19:41:30,28.0,30.0
22/05/2022 19:41:40,28.0,29.0
22/05/2022 19:41:51,28.0,30.0
22/05/2022 19:42:01,28.0,29.0
22/05/2022 19:42:12,28.0,30.0
22/05/2022 19:42:22,28.0,29.0
22/05/2022 19:42:33,28.0,29.0
22/05/2022 19:42:43,28.0,29.0
22/05/2022 19:42:54,28.0,29.0
22/05/2022 19:43:04,28.0,29.0
22/05/2022 19:43:15,28.0,29.0
22/05/2022 19:43:25,28.0,30.0
22/05/2022 19:43:36,28.0,30.0
22/05/2022 19:43:46,28.0,29.0
22/05/2022 19:43:57,28.0,29.0
22/05/2022 19:44:07,28.0,29.0
22/05/2022 19:44:21,28.0,29.0
22/05/2022 19:44:32,28.0,29.0
22/05/2022 19:44:42,29.0,30.0
22/05/2022 19:44:53,28.0,29.0
22/05/2022 19:45:03,28.0,29.0
22/05/2022 19:45:14,28.0,29.0
22/05/2022 19:45:24,28.0,29.0
22/05/2022 19:45:35,28.0,29.0
22/05/2022 19:45:45,28.0,29.0
22/05/2022 19:45:56,28.0,29.0
22/05/2022 19:46:06,28.0,29.0
22/05/2022 19:46:17,28.0,29.0
22/05/2022 19:46:27,28.0,29.0
22/05/2022 19:46:40,28.0,29.0
22/05/2022 19:46:52,28.0,30.0
22/05/2022 19:47:03,28.0,30.0
22/05/2022 19:47:13,28.0,30.0
22/05/2022 19:47:24,28.0,30.0
22/05/2022 19:47:34,28.0,30.0
22/05/2022 19:47:45,28.0,30.0
22/05/2022 19:47:55,28.0,30.0
22/05/2022 19:48:07,28.0,29.0
22/05/2022 19:48:18,28.0,29.0
22/05/2022 19:48:29,28.0,29.0
22/05/2022 19:48:39,28.0,29.0
22/05/2022 19:48:50,28.0,29.0
22/05/2022 19:49:00,28.0,29.0
22/05/2022 19:49:11,28.0,29.0
22/05/2022 19:49:21,28.0,30.0
22/05/2022 19:49:32,28.0,30.0
22/05/2022 19:49:42,28.0,30.0
22/05/2022 19:49:53,28.0,30.0
22/05/2022 19:50:03,28.0,30.0
22/05/2022 19:50:14,28.0,30.0
22/05/2022 19:50:24,28.0,29.0
22/05/2022 19:50:35,28.0,30.0
22/05/2022 19:50:45,28.0,30.0
22/05/2022 19:50:58,28.0,29.0
22/05/2022 19:51:09,28.0,29.0
22/05/2022 19:51:19,28.0,29.0
22/05/2022 19:51:30,28.0,29.0
22/05/2022 19:51:43,28.0,29.0
22/05/2022 19:51:54,28.0,30.0
22/05/2022 19:52:07,28.0,30.0
22/05/2022 19:52:18,28.0,30.0
22/05/2022 19:52:29,28.0,29.0
22/05/2022 19:52:39,28.0,29.0
22/05/2022 19:52:50,28.0,30.0
22/05/2022 19:53:00,28.0,30.0
22/05/2022 19:53:11,28.0,30.0
22/05/2022 19:53:22,28.0,30.0
22/05/2022 19:53:32,28.0,30.0
22/05/2022 19:53:43,28.0,30.0
22/05/2022 19:53:53,28.0,30.0
22/05/2022 19:54:04,28.0,30.0
22/05/2022 19:54:14,28.0,30.0
22/05/2022 19:54:25,28.0,30.0
22/05/2022 19:54:35,28.0,30.0
22/05/2022 19:54:46,28.0,30.0
22/05/2022 19:54:56,28.0,30.0
22/05/2022 19:55:07,28.0,30.0
22/05/2022 19:55:18,28.0,30.0
22/05/2022 19:55:28,28.0,30.0
22/05/2022 19:55:39,28.0,30.0
22/05/2022 19:55:49,28.0,30.0
22/05/2022 19:56:00,28.0,30.0
22/05/2022 19:56:12,28.0,30.0
22/05/2022 19:56:22,28.0,30.0
22/05/2022 19:56:33,28.0,30.0
22/05/2022 19:56:43,28.0,30.0
22/05/2022 19:56:54,28.0,30.0
22/05/2022 19:57:06,28.0,30.0
22/05/2022 19:57:17,28.0,30.0
22/05/2022 19:57:28,28.0,30.0
22/05/2022 19:57:38,28.0,30.0
22/05/2022 19:57:49,28.0,30.0
22/05/2022 19:57:59,28.0,30.0
22/05/2022 19:58:10,28.0,30.0
22/05/2022 19:58:20,28.0,30.0
22/05/2022 19:58:32,28.0,30.0
22/05/2022 19:58:43,28.0,30.0
22/05/2022 19:58:53,28.0,30.0
22/05/2022 19:59:05,28.0,30.0
22/05/2022 19:59:16,28.0,30.0
22/05/2022 19:59:26,28.0,30.0
22/05/2022 19:59:37,28.0,30.0
22/05/2022 19:59:48,28.0,30.0
22/05/2022 19:59:58,28.0,30.0
22/05/2022 20:00:09,28.0,30.0
22/05/2022 20:00:21,28.0,30.0
22/05/2022 20:00:32,28.0,30.0
22/05/2022 20:00:42,28.0,30.0
22/05/2022 20:00:53,28.0,30.0
22/05/2022 20:01:03,28.0,30.0
22/05/2022 20:01:15,28.0,30.0
22/05/2022 20:01:28,27.0,29.0
22/05/2022 20:01:38,28.0,30.0
22/05/2022 20:01:49,28.0,30.0
22/05/2022 22:45:24,29.0,32.0
22/05/2022 22:45:34,29.0,33.0
22/05/2022 22:45:45,29.0,32.0
22/05/2022 22:46:33,29.0,32.0
22/05/2022 22:46:43,30.0,32.0
22/05/2022 22:48:31,30.0,31.0
22/05/2022 22:48:42,30.0,31.0
22/05/2022 22:48:52,30.0,32.0
22/05/2022 22:49:03,30.0,31.0
22/05/2022 22:49:15,30.0,35.0
22/05/2022 22:49:26,30.0,34.0
22/05/2022 22:49:36,30.0,32.0
22/05/2022 22:49:47,30.0,31.0
22/05/2022 22:49:58,30.0,32.0
22/05/2022 22:50:08,30.0,31.0
22/05/2022 22:50:19,30.0,32.0
22/05/2022 22:50:29,30.0,31.0
22/05/2022 22:50:36,30.0,32.0
22/05/2022 22:50:46,30.0,34.0
22/05/2022 22:50:57,30.0,31.0
22/05/2022 22:51:07,30.0,33.0
22/05/2022 22:51:18,30.0,32.0
22/05/2022 22:51:29,30.0,32.0
22/05/2022 22:51:40,30.0,33.0
22/05/2022 22:51:50,30.0,32.0
22/05/2022 22:52:01,31.0,32.0
22/05/2022 22:52:11,30.0,32.0
22/05/2022 22:52:22,30.0,31.0
22/05/2022 22:52:32,30.0,32.0
22/05/2022 22:52:43,30.0,31.0
22/05/2022 22:52:53,30.0,32.0
22/05/2022 22:53:04,30.0,30.0
22/05/2022 22:53:14,30.0,30.0
22/05/2022 22:53:25,30.0,30.0
22/05/2022 22:53:35,30.0,30.0
22/05/2022 22:53:47,30.0,32.0
22/05/2022 22:53:58,30.0,32.0
22/05/2022 22:54:08,30.0,30.0
22/05/2022 22:54:19,30.0,31.0
22/05/2022 22:54:30,30.0,31.0
22/05/2022 22:54:42,30.0,31.0
22/05/2022 22:54:54,30.0,31.0
22/05/2022 22:55:04,30.0,31.0
22/05/2022 22:55:15,30.0,32.0
22/05/2022 22:55:27,30.0,31.0
22/05/2022 22:55:38,30.0,31.0
22/05/2022 22:55:50,30.0,32.0
22/05/2022 22:56:01,30.0,32.0
22/05/2022 22:56:13,30.0,32.0
22/05/2022 22:56:23,30.0,32.0
22/05/2022 22:56:34,30.0,32.0
22/05/2022 22:56:44,30.0,32.0
22/05/2022 22:56:55,30.0,32.0
22/05/2022 22:57:05,30.0,33.0
22/05/2022 22:57:16,30.0,32.0
22/05/2022 22:57:27,30.0,31.0
22/05/2022 22:57:37,30.0,30.0
22/05/2022 22:57:48,30.0,30.0
22/05/2022 22:58:00,31.0,32.0
22/05/2022 22:58:11,31.0,32.0
22/05/2022 22:58:21,30.0,31.0
22/05/2022 22:58:32,30.0,32.0
22/05/2022 22:58:44,30.0,30.0
22/05/2022 22:58:54,30.0,31.0
22/05/2022 22:59:05,30.0,31.0
22/05/2022 22:59:15,30.0,30.0
22/05/2022 22:59:26,30.0,32.0
22/05/2022 22:59:36,31.0,33.0
22/05/2022 22:59:47,31.0,32.0
22/05/2022 22:59:57,31.0,33.0
22/05/2022 23:00:08,30.0,32.0
22/05/2022 23:00:19,31.0,32.0
22/05/2022 23:00:29,30.0,32.0
22/05/2022 23:00:40,30.0,32.0
22/05/2022 23:00:50,31.0,32.0
22/05/2022 23:01:01,30.0,33.0
22/05/2022 23:01:11,30.0,32.0
22/05/2022 23:01:22,30.0,32.0
22/05/2022 23:01:33,30.0,32.0
22/05/2022 23:01:43,30.0,31.0
22/05/2022 23:01:54,31.0,32.0
22/05/2022 23:02:04,31.0,34.0
22/05/2022 23:02:14,30.0,32.0
22/05/2022 23:02:55,30.0,36.0
22/05/2022 23:03:06,30.0,30.0
22/05/2022 23:03:16,31.0,33.0
22/05/2022 23:03:27,30.0,36.0
22/05/2022 23:17:18,31.0,36.0
22/05/2022 23:17:28,30.0,30.0
22/05/2022 23:17:39,30.0,30.0
22/05/2022 23:17:52,31.0,32.0
22/05/2022 23:18:03,31.0,32.0
22/05/2022 23:18:13,30.0,31.0
22/05/2022 23:18:24,31.0,33.0
22/05/2022 23:18:34,30.0,34.0
22/05/2022 23:18:45,30.0,32.0
22/05/2022 23:18:55,30.0,31.0
22/05/2022 23:19:06,30.0,30.0
22/05/2022 23:19:09,30.0,30.0
22/05/2022 23:19:20,30.0,30.0
22/05/2022 23:19:30,31.0,32.0
22/05/2022 23:19:41,30.0,30.0
22/05/2022 23:19:52,30.0,32.0
22/05/2022 23:20:04,30.0,31.0
22/05/2022 23:20:14,30.0,31.0
22/05/2022 23:20:25,30.0,30.0
22/05/2022 23:20:35,30.0,32.0
22/05/2022 23:20:46,31.0,33.0
22/05/2022 23:20:56,31.0,32.0
22/05/2022 23:21:07,31.0,31.0
22/05/2022 23:21:18,31.0,32.0
22/05/2022 23:21:28,31.0,32.0
22/05/2022 23:21:39,31.0,31.0
22/05/2022 23:21:49,31.0,31.0
22/05/2022 23:22:00,31.0,31.0
22/05/2022 23:22:10,31.0,31.0
22/05/2022 23:22:21,30.0,34.0
22/05/2022 23:22:31,30.0,32.0
22/05/2022 23:22:42,30.0,31.0
22/05/2022 23:22:53,30.0,30.0
22/05/2022 23:23:05,30.0,30.0
22/05/2022 23:23:15,30.0,30.0
22/05/2022 23:23:26,30.0,30.0
22/05/2022 23:23:35,30.0,30.0
22/05/2022 23:24:10,30.0,31.0
22/05/2022 23:24:20,30.0,32.0
22/05/2022 23:24:31,30.0,32.0
22/05/2022 23:24:41,30.0,35.0
22/05/2022 23:24:52,30.0,36.0
22/05/2022 23:25:03,30.0,34.0
22/05/2022 23:25:13,30.0,31.0
22/05/2022 23:26:01,30.0,31.0
22/05/2022 23:26:11,30.0,30.0
22/05/2022 23:26:22,30.0,30.0
22/05/2022 23:26:32,30.0,33.0
22/05/2022 23:26:43,30.0,34.0
22/05/2022 23:26:53,30.0,32.0
22/05/2022 23:57:07,29.0,35.0
22/05/2022 23:57:17,29.0,33.0
22/05/2022 23:57:28,29.0,32.0
22/05/2022 23:57:38,29.0,33.0
22/05/2022 23:57:49,29.0,34.0
22/05/2022 23:57:59,29.0,36.0
22/05/2022 23:58:10,29.0,35.0
23/05/2022 00:00:28,29.0,35.0
23/05/2022 00:00:39,29.0,36.0
23/05/2022 00:00:49,29.0,36.0
23/05/2022 00:01:12,29.0,35.0
23/05/2022 00:01:23,29.0,32.0
23/05/2022 00:01:33,29.0,33.0
23/05/2022 00:01:44,29.0,38.0
23/05/2022 00:01:55,29.0,39.0
23/05/2022 00:02:05,29.0,36.0
23/05/2022 00:02:16,29.0,33.0
23/05/2022 00:02:27,29.0,33.0
23/05/2022 00:02:37,29.0,35.0
23/05/2022 00:02:48,29.0,35.0
23/05/2022 00:02:58,29.0,37.0
23/05/2022 00:03:09,29.0,38.0
23/05/2022 00:03:19,29.0,41.0
23/05/2022 00:03:30,29.0,45.0
23/05/2022 00:03:40,29.0,46.0
23/05/2022 00:03:51,29.0,40.0
23/05/2022 00:04:01,29.0,34.0
23/05/2022 00:04:12,29.0,34.0
23/05/2022 00:04:22,29.0,34.0
23/05/2022 00:04:33,29.0,33.0
23/05/2022 00:04:43,29.0,33.0
23/05/2022 00:04:54,29.0,32.0
23/05/2022 00:05:05,29.0,33.0
23/05/2022 00:05:15,29.0,36.0
23/05/2022 00:05:26,29.0,32.0
23/05/2022 00:05:36,29.0,32.0
23/05/2022 00:05:47,29.0,32.0
23/05/2022 00:05:57,29.0,32.0
23/05/2022 00:06:08,29.0,32.0
23/05/2022 00:06:18,29.0,32.0
23/05/2022 00:06:29,29.0,32.0
23/05/2022 00:06:39,29.0,32.0
23/05/2022 00:06:50,29.0,31.0
23/05/2022 00:07:00,29.0,32.0
23/05/2022 00:07:11,29.0,32.0
23/05/2022 00:07:21,29.0,32.0
23/05/2022 00:07:32,29.0,32.0
23/05/2022 00:07:42,29.0,32.0
23/05/2022 00:07:53,29.0,32.0
23/05/2022 00:08:04,29.0,32.0
23/05/2022 00:08:15,28.0,31.0
23/05/2022 00:08:25,28.0,31.0
23/05/2022 00:08:36,28.0,31.0
23/05/2022 00:08:46,28.0,31.0
23/05/2022 00:08:57,28.0,31.0
23/05/2022 00:09:07,28.0,31.0
23/05/2022 00:09:18,28.0,31.0
23/05/2022 00:09:28,28.0,31.0
23/05/2022 00:09:39,28.0,31.0
23/05/2022 00:09:49,28.0,31.0
23/05/2022 00:10:00,28.0,31.0
23/05/2022 00:10:10,28.0,31.0
23/05/2022 00:10:21,28.0,31.0
23/05/2022 00:10:31,28.0,31.0
23/05/2022 00:10:42,28.0,31.0
23/05/2022 00:10:52,28.0,31.0
23/05/2022 00:11:03,28.0,31.0
23/05/2022 00:11:14,28.0,32.0
23/05/2022 00:11:24,28.0,32.0
23/05/2022 00:11:35,28.0,32.0
23/05/2022 00:11:45,28.0,32.0
23/05/2022 00:11:56,28.0,32.0
23/05/2022 00:12:06,28.0,32.0
23/05/2022 00:12:18,28.0,34.0
23/05/2022 00:12:29,28.0,34.0
23/05/2022 00:12:41,28.0,33.0
23/05/2022 00:12:51,28.0,33.0
23/05/2022 00:13:04,28.0,32.0
23/05/2022 00:13:14,28.0,32.0
23/05/2022 00:13:25,28.0,37.0
23/05/2022 00:13:35,28.0,36.0
23/05/2022 00:13:46,28.0,33.0
23/05/2022 00:13:56,29.0,35.0
23/05/2022 00:14:07,29.0,35.0
23/05/2022 00:14:17,29.0,36.0
23/05/2022 00:14:28,29.0,33.0
23/05/2022 00:14:38,29.0,32.0
23/05/2022 00:14:49,29.0,33.0
23/05/2022 00:16:08,29.0,33.0
23/05/2022 00:16:19,29.0,35.0
23/05/2022 00:16:29,29.0,34.0
23/05/2022 00:16:40,29.0,34.0
23/05/2022 00:16:50,29.0,35.0
23/05/2022 00:17:24,29.0,34.0
23/05/2022 00:17:35,29.0,33.0
23/05/2022 00:17:45,29.0,35.0
23/05/2022 00:17:56,29.0,37.0
23/05/2022 00:18:06,29.0,35.0
23/05/2022 00:18:17,29.0,35.0
23/05/2022 00:18:27,29.0,33.0
23/05/2022 00:18:38,29.0,35.0
23/05/2022 00:18:48,29.0,36.0
23/05/2022 00:18:59,29.0,34.0
23/05/2022 00:19:10,29.0,33.0
23/05/2022 00:19:21,29.0,35.0
23/05/2022 00:19:31,29.0,33.0
23/05/2022 00:19:42,29.0,36.0
23/05/2022 00:19:51,29.0,35.0
23/05/2022 00:20:02,29.0,34.0
23/05/2022 00:20:12,29.0,35.0
23/05/2022 00:20:23,29.0,37.0
23/05/2022 00:20:33,29.0,34.0
23/05/2022 00:20:44,29.0,32.0
23/05/2022 00:20:54,29.0,32.0
23/05/2022 00:21:05,29.0,32.0
23/05/2022 00:21:15,29.0,36.0
23/05/2022 00:21:26,29.0,33.0
23/05/2022 00:21:37,29.0,37.0
23/05/2022 00:21:47,29.0,34.0
23/05/2022 00:21:58,29.0,35.0
23/05/2022 00:22:08,29.0,32.0
23/05/2022 00:22:19,29.0,33.0
23/05/2022 00:22:29,29.0,34.0
23/05/2022 00:22:40,29.0,31.0
23/05/2022 00:22:50,29.0,32.0
23/05/2022 00:23:01,29.0,38.0
23/05/2022 00:23:11,29.0,33.0
23/05/2022 00:23:22,29.0,32.0
23/05/2022 00:23:32,30.0,32.0
23/05/2022 00:23:43,29.0,33.0
23/05/2022 00:23:53,30.0,32.0
23/05/2022 00:24:04,30.0,33.0
23/05/2022 00:24:14,30.0,34.0
23/05/2022 00:24:25,30.0,34.0
23/05/2022 00:24:35,30.0,33.0
23/05/2022 00:24:54,30.0,37.0
23/05/2022 00:25:04,29.0,32.0
23/05/2022 00:25:15,29.0,32.0
23/05/2022 00:25:25,29.0,32.0
23/05/2022 00:26:32,30.0,31.0
23/05/2022 00:26:43,29.0,31.0
23/05/2022 00:26:53,29.0,32.0
23/05/2022 00:27:04,29.0,32.0
23/05/2022 00:27:14,29.0,32.0
23/05/2022 00:27:25,29.0,33.0
23/05/2022 00:27:36,29.0,33.0
23/05/2022 00:27:46,29.0,36.0
23/05/2022 00:27:57,29.0,32.0
23/05/2022 00:28:07,29.0,37.0
23/05/2022 00:28:18,29.0,34.0
23/05/2022 00:28:29,29.0,32.0
23/05/2022 00:28:39,29.0,32.0
23/05/2022 00:28:50,29.0,33.0
23/05/2022 00:29:01,29.0,34.0
23/05/2022 00:29:11,30.0,35.0
23/05/2022 00:29:22,30.0,36.0
23/05/2022 00:29:32,29.0,35.0
23/05/2022 00:29:39,30.0,35.0
23/05/2022 00:29:50,30.0,35.0
23/05/2022 00:30:01,30.0,37.0
23/05/2022 00:30:13,30.0,38.0
23/05/2022 00:30:28,30.0,35.0
23/05/2022 00:30:38,30.0,36.0
23/05/2022 00:30:50,30.0,31.0
23/05/2022 00:31:00,30.0,31.0
23/05/2022 00:31:11,29.0,32.0
23/05/2022 00:31:23,29.0,32.0
23/05/2022 00:31:33,29.0,32.0
23/05/2022 00:31:44,29.0,32.0
23/05/2022 00:31:55,29.0,32.0
23/05/2022 00:32:06,29.0,32.0
23/05/2022 00:32:17,29.0,32.0
23/05/2022 00:32:28,29.0,32.0
23/05/2022 00:32:41,29.0,32.0
23/05/2022 00:32:52,29.0,32.0
23/05/2022 00:33:02,29.0,32.0
23/05/2022 00:33:13,29.0,32.0
23/05/2022 00:33:24,29.0,32.0
23/05/2022 00:33:35,29.0,32.0
23/05/2022 00:33:46,29.0,32.0
23/05/2022 00:33:57,29.0,32.0
23/05/2022 00:34:08,29.0,32.0
23/05/2022 00:34:19,29.0,32.0
23/05/2022 00:34:29,29.0,32.0
23/05/2022 00:34:41,29.0,32.0
23/05/2022 00:34:51,29.0,31.0
23/05/2022 00:35:02,29.0,32.0
23/05/2022 00:35:14,29.0,35.0
23/05/2022 00:35:25,29.0,36.0
23/05/2022 00:35:36,29.0,34.0
23/05/2022 00:35:47,29.0,33.0
23/05/2022 00:35:58,29.0,32.0
23/05/2022 00:36:09,29.0,35.0
23/05/2022 00:36:20,29.0,36.0
23/05/2022 00:36:31,29.0,38.0
23/05/2022 00:36:42,29.0,38.0
23/05/2022 00:36:53,29.0,35.0
23/05/2022 00:37:04,29.0,38.0
23/05/2022 00:37:16,29.0,41.0
23/05/2022 00:37:27,30.0,40.0
23/05/2022 00:37:38,30.0,39.0
23/05/2022 00:37:49,30.0,37.0
23/05/2022 00:38:00,29.0,40.0
23/05/2022 00:38:11,30.0,38.0
23/05/2022 00:38:22,30.0,40.0
23/05/2022 00:38:33,29.0,37.0
23/05/2022 00:38:44,29.0,38.0
23/05/2022 00:38:55,30.0,38.0
23/05/2022 00:39:06,30.0,39.0
23/05/2022 00:39:21,29.0,37.0
23/05/2022 00:39:32,30.0,38.0
23/05/2022 00:39:43,30.0,37.0
23/05/2022 00:39:54,30.0,37.0
23/05/2022 00:40:06,30.0,38.0
23/05/2022 00:40:17,30.0,36.0
23/05/2022 00:40:28,30.0,36.0
23/05/2022 00:40:39,30.0,35.0
23/05/2022 00:40:51,30.0,38.0
23/05/2022 00:44:20,30.0,36.0
23/05/2022 00:44:30,30.0,38.0
23/05/2022 00:46:01,30.0,35.0
23/05/2022 00:46:14,30.0,35.0
23/05/2022 00:46:25,30.0,35.0
23/05/2022 00:46:37,30.0,36.0
23/05/2022 00:46:48,30.0,35.0
23/05/2022 00:46:59,30.0,32.0
23/05/2022 00:47:10,30.0,34.0
23/05/2022 00:47:21,30.0,33.0
23/05/2022 00:47:32,30.0,35.0
23/05/2022 00:47:43,30.0,35.0
23/05/2022 00:47:54,30.0,32.0
23/05/2022 00:48:05,30.0,32.0
23/05/2022 00:48:16,30.0,33.0
23/05/2022 00:48:44,30.0,32.0
23/05/2022 00:48:54,30.0,34.0
23/05/2022 00:49:05,30.0,33.0
23/05/2022 00:49:17,30.0,32.0
23/05/2022 00:49:28,30.0,32.0
